"ValueId","Category","Rule","Commit","File","Line"
"258072a9b6bc","authentication-payload-or-token","GL001","365457bdb5d9349e69076d75c56a733897e05770","test-logs/integration-test-2026-07-18T02-57-03-664Z.jsonl","124"
"5bc390bebba7","authentication-payload-or-token","GL001","0bf237999543639424b9315e61c40771465f17a2",".scratch/payment-link-docs-review/get-payment-link-details.md","121"
"81b242e05d38","authentication-payload-or-token","GL001","2f323d616228cbb8d776dfa9d0d6174fc4f6df1f","docs/09-link-unlink-renew-lifecycle.md","202"
"81b242e05d38","authentication-payload-or-token","GL001","2f323d616228cbb8d776dfa9d0d6174fc4f6df1f","docs/09-link-unlink-renew-lifecycle.md","238"
"81b242e05d38","authentication-payload-or-token","GL001","2f323d616228cbb8d776dfa9d0d6174fc4f6df1f","docs/09-link-unlink-renew-lifecycle.md","266"
"81b242e05d38","authentication-payload-or-token","GL001","2f323d616228cbb8d776dfa9d0d6174fc4f6df1f","docs/09-link-unlink-renew-lifecycle.md","298"
"c2a924c7bffe","authentication-payload-or-token","GL001","724cc9993e45637869ad0a90b8b94c589ab6b2c3","newsession.txt","2969"
"c2a924c7bffe","authentication-payload-or-token","GL001","724cc9993e45637869ad0a90b8b94c589ab6b2c3","payway-openapi.yaml","375"
"c2a924c7bffe","authentication-payload-or-token","GL001","017cc4d445c5145272b862e87d16d7fdb595e827","payway-openapi/bundled.yaml","355"
"c2a924c7bffe","authentication-payload-or-token","GL001","724cc9993e45637869ad0a90b8b94c589ab6b2c3","payway-openapi/paths/ecommerce-checkout.yaml","266"
"c2a924c7bffe","authentication-payload-or-token","GL001","3f2deb7ff68cfa30a665f24d0696d7adf3c29130","src/types.ts","1439"
"c2a924c7bffe","authentication-payload-or-token","GL001","59aad5acae4eae8f2aef44eadf2a2cbc49615435","src/types.ts","1368"
"c2a924c7bffe","authentication-payload-or-token","GL001","724cc9993e45637869ad0a90b8b94c589ab6b2c3","src/types.ts","1344"
"c2a924c7bffe","authentication-payload-or-token","GL001","c92b9cdfe8f09f965f5f5a6268fe37deef3d0004","src/types.ts","1549"
"c2a924c7bffe","authentication-payload-or-token","GL001","cebbd3007caca4fb55767684cc82098b48de6ad6","src/types.ts","1382"
"c8f606c047b0","authentication-payload-or-token","GL001","365457bdb5d9349e69076d75c56a733897e05770","test-logs/integration-test-2026-07-18T03-01-13-351Z.jsonl","128"
"da7393c560dd","authentication-payload-or-token","GL001","365457bdb5d9349e69076d75c56a733897e05770","test-logs/integration-test-2026-07-18T03-01-13-351Z.jsonl","124"
"f41285f0c5fb","authentication-payload-or-token","GL001","365457bdb5d9349e69076d75c56a733897e05770","test-logs/integration-test-2026-07-18T03-40-15-578Z.jsonl","124"
"fe21c75b55d6","authentication-payload-or-token","GL001","365457bdb5d9349e69076d75c56a733897e05770","test-logs/integration-test-2026-07-18T02-57-03-664Z.jsonl","128"
"ff28062d1b37","authentication-payload-or-token","GL001","365457bdb5d9349e69076d75c56a733897e05770","test-logs/integration-test-2026-07-18T03-40-15-578Z.jsonl","128"
"6e4b8b3d6e71","credential-assignment","GL001","724cc9993e45637869ad0a90b8b94c589ab6b2c3","payway-boilerplate/PHP Sample Checkout (QR on API)/helper.php","4"
"6f49ced9c4d9","credential-assignment","GL001","2f323d616228cbb8d776dfa9d0d6174fc4f6df1f","docs/02-prerequisites-and-setup.md","62"
"7a0b4ee24441","credential-assignment","GL001","724cc9993e45637869ad0a90b8b94c589ab6b2c3","payway-boilerplate/Postman Collection API Testing/Create Transaction QR-AI HELMET SPA Copy.postman_collection.json","83"
"7d7243aa2f22","credential-assignment","GL001","724cc9993e45637869ad0a90b8b94c589ab6b2c3","payway-boilerplate/payment_link_api/.next/dev/server/chunks/[root-of-the-server]__03c83b95._.js","61"
"7d7243aa2f22","credential-assignment","GL001","724cc9993e45637869ad0a90b8b94c589ab6b2c3","payway-boilerplate/payment_link_api/.next/dev/server/chunks/[root-of-the-server]__03c83b95._.js.map","5"
"7d7243aa2f22","credential-assignment","GL001","724cc9993e45637869ad0a90b8b94c589ab6b2c3","payway-boilerplate/payment_link_api/.next/dev/server/chunks/[root-of-the-server]__440be412._.js","61"
"7d7243aa2f22","credential-assignment","GL001","724cc9993e45637869ad0a90b8b94c589ab6b2c3","payway-boilerplate/payment_link_api/.next/dev/server/chunks/[root-of-the-server]__440be412._.js.map","5"
"7d7243aa2f22","credential-assignment","GL001","724cc9993e45637869ad0a90b8b94c589ab6b2c3","payway-boilerplate/payment_link_api/helper.js","5"
"7d7243aa2f22","credential-assignment","GL001","724cc9993e45637869ad0a90b8b94c589ab6b2c3","payway-boilerplate/payment_link_api/helper.php","4"
"cb78f440b7d0","credential-assignment","GL001","724cc9993e45637869ad0a90b8b94c589ab6b2c3","payway-boilerplate/Postman Collection API Testing/Check Trasaction.postman_collection.json","32"
"d37d04fc5292","credential-assignment","GL001","724cc9993e45637869ad0a90b8b94c589ab6b2c3","payway-boilerplate/Postman Collection API Testing/Create Transaction Defualt.postman_collection.json","97"
"fab3d41ca176","credential-assignment","GL001","cebbd3007caca4fb55767684cc82098b48de6ad6","test-output/inspect-qr.mjs","5"
"628101c4345e","generated-framework-key","GL001","724cc9993e45637869ad0a90b8b94c589ab6b2c3","payway-boilerplate/payment_link_api/.next/dev/cache/.rscinfo","1"
"628101c4345e","generated-framework-key","GL001","724cc9993e45637869ad0a90b8b94c589ab6b2c3","payway-boilerplate/payment_link_api/.next/dev/server/server-reference-manifest.json","4"
"64418fa9632e","generated-framework-key","GL001","724cc9993e45637869ad0a90b8b94c589ab6b2c3","payway-boilerplate/payment_link_api/.next/dev/prerender-manifest.json","9"
"dcb4aa04b362","generated-framework-key","GL001","724cc9993e45637869ad0a90b8b94c589ab6b2c3","payway-boilerplate/payment_link_api/.next/dev/prerender-manifest.json","8"
"243787775ac5","reviewed-synthetic","GL001","0014ec98d6ba00b7749541c56f2c8bc79800d3d7","src/__tests__/cli.test.ts","1129"
"243787775ac5","reviewed-synthetic","GL001","0014ec98d6ba00b7749541c56f2c8bc79800d3d7","src/__tests__/cli.test.ts","1172"
"243787775ac5","reviewed-synthetic","GL001","07bdc03b4b897035b34e106e8f26090ee7578ec8","src/__tests__/cli.test.ts","599"
"243787775ac5","reviewed-synthetic","GL001","1ad3618e1d83ff78c260992cc78891108df786d2","src/__tests__/cli.test.ts","637"
"243787775ac5","reviewed-synthetic","GL001","1ad3618e1d83ff78c260992cc78891108df786d2","src/__tests__/cli.test.ts","684"
"243787775ac5","reviewed-synthetic","GL001","231d7bb8a1d94051ecc86d35c19248e6dd148288","src/__tests__/cli.test.ts","485"
"243787775ac5","reviewed-synthetic","GL001","3f2deb7ff68cfa30a665f24d0696d7adf3c29130","src/__tests__/cli.test.ts","120"
"243787775ac5","reviewed-synthetic","GL001","49684f852e57735ee03a8c38be74d57d6ee76343","src/__tests__/cli.test.ts","362"
"243787775ac5","reviewed-synthetic","GL001","a95be810e616c04c03a4b3dd049414e55c210980","src/__tests__/cli.test.ts","700"
"243787775ac5","reviewed-synthetic","GL001","cebbd3007caca4fb55767684cc82098b48de6ad6","src/__tests__/cli.test.ts","256"
"243787775ac5","reviewed-synthetic","GL001","cebbd3007caca4fb55767684cc82098b48de6ad6","src/__tests__/cli.test.ts","67"
"243787775ac5","reviewed-synthetic","GL001","cebbd3007caca4fb55767684cc82098b48de6ad6","src/__tests__/cli.test.ts","298"
"243787775ac5","reviewed-synthetic","GL001","cebbd3007caca4fb55767684cc82098b48de6ad6","src/__tests__/cli.test.ts","374"
"243787775ac5","reviewed-synthetic","GL001","cebbd3007caca4fb55767684cc82098b48de6ad6","src/__tests__/cli.test.ts","335"
"243787775ac5","reviewed-synthetic","GL001","cebbd3007caca4fb55767684cc82098b48de6ad6","src/__tests__/cli.test.ts","219"
"243787775ac5","reviewed-synthetic","GL001","ee1696cbcdee19b2bd2fcfa04e0ed5de20af9f48","src/__tests__/cli.test.ts","298"
"7eee509c7882","reviewed-synthetic","GL002","bfc9294534e7e4000f49fc8e5b3c8ae4a42f1c46","docs/cloudflare-free-webhook.md","725"
"d631a97125e0","reviewed-synthetic","GL001","cdc18f2b969a5fe4c5579c022b79f00076fd580e","src/__tests__/per-call-options.test.ts","40"
"eaabde08005b","reviewed-synthetic","GL001","276008be2876e3be2d6558bc4d4581736b6cf30e","sdk/android/sdk/src/test/java/com/ababank/payway/SignatureVerifierTest.kt","31"
"f26458d55f63","reviewed-synthetic","GL001","f1f67d357d334ef0feb96b9ab78209bfe717208b","src/__tests__/agent-privacy-session.test.ts","50"
